1,Noel Acciari\acciano01,28,FLA,C,1,0,0,0,0,0,0,0,0,0,0,0,0,0,,17,17:21,4,3,8,4,66.7
2,Sebastian Aho\ahose01,22,CAR,F,1,1,1,2,0,0,0,1,0,0,1,0,0,4,25.0,22,21:33,1,1,10,11,47.6
3,Rasmus Andersson\anderra01,23,CGY,D,1,0,0,0,2,2,0,0,0,0,0,0,0,0,,18,18:09,1,0,0,0,
4,Mason Appleton\applema01,24,WPG,C,1,0,0,0,1,0,0,0,0,0,0,0,0,2,0.0,10,10:17,0,0,0,0,
5,Josh Archibald\archijo01,27,EDM,RW,1,0,0,0,0,0,0,0,0,0,0,0,0,3,0.0,12,11:46,1,5,0,0,
6,Joel Armia\armiajo01,26,MTL,RW,1,0,0,0,1,0,0,0,0,0,0,0,0,3,0.0,21,20:32,3,2,0,0,
7,Viktor Arvidsson\arvidvi01,26,NSH,LW,1,0,0,0,-1,0,0,0,0,0,0,0,0,4,0.0,20,20:29,0,1,0,0,
8,Zach Aston-Reese\astonza01,25,PIT,C,1,0,0,0,-2,0,0,0,0,0,0,0,0,3,0.0,16,15:41,0,1,0,0,
9,Andreas Athanasiou\athanan01,25,EDM,C,1,0,0,0,0,0,0,0,0,0,0,0,0,1,0.0,9,8:37,0,1,0,0,
10,Cam Atkinson\atkinca01,30,CBJ,RW,1,1,1,2,2,2,1,0,0,1,1,0,0,1,100.0,15,14:39,3,0,0,0,
11,Nicolas Aube-Kubel\aubekni01,23,PHI,RW,1,0,0,0,0,0,0,0,0,0,0,0,0,0,,10,9:44,0,3,0,0,
12,Mikael Backlund\backlmi01,30,CGY,C,1,1,0,1,1,0,0,1,0,0,0,0,0,2,50.0,20,20:14,0,0,7,11,38.9
13,Josh Bailey\bailejo01,30,NYI,C,1,0,1,1,-1,0,0,0,0,0,0,1,0,3,0.0,17,16:37,0,0,0,1,0.0
14,Ivan Barbashev\barbaiv01,24,STL,C,1,0,0,0,0,0,0,0,0,0,0,0,0,2,0.0,12,11:48,1,7,3,0,100.0
15,Aleksander Barkov\barkoal01,24,FLA,C,1,0,1,1,1,0,0,0,0,0,1,0,0,3,0.0,20,20:13,1,4,8,9,47.1
16,Tyson Barrie\barrity01,28,TOR,D,1,0,0,0,0,0,0,0,0,0,0,0,0,4,0.0,19,19:13,0,1,0,0,
17,Mathew Barzal\barzama01,22,NYI,C,1,0,0,0,0,2,0,0,0,0,0,0,0,1,0.0,17,16:37,0,0,7,2,77.8
18,Jay Beagle\beaglja01,34,VAN,RW,1,0,0,0,0,0,0,0,0,0,0,0,0,0,,13,12:41,0,1,8,3,72.7
19,Ethan Bear\bearet01,22,EDM,D,1,0,0,0,-1,0,0,0,0,0,0,0,0,1,0.0,24,23:57,3,3,0,0,
20,Nathan Beaulieu\beaulna01,27,WPG,D,1,0,0,0,0,2,0,0,0,0,0,0,0,0,,15,15:22,1,6,0,0,
21,Anthony Beauvillier\beauvan01,22,NYI,LW,1,1,0,1,-1,0,0,1,0,1,0,0,0,4,25.0,16,15:50,0,3,0,0,
22,Pierre-Edouard Bellemare\bellepi01,34,COL,LW,1,0,0,0,0,2,0,0,0,0,0,0,0,2,0.0,11,10:43,3,2,6,3,66.7
23,Emil Bemstrom\bemstem01,20,CBJ,C,1,0,0,0,0,0,0,0,0,0,0,0,0,2,0.0,9,9:09,0,1,0,0,
24,Sam Bennett\bennesa01,23,CGY,C,1,0,0,0,0,2,0,0,0,0,0,0,0,2,0.0,15,14:44,0,6,6,6,50.0
25,Matt Benning\bennima01,25,EDM,D,1,0,0,0,0,2,0,0,0,0,0,0,0,1,0.0,12,12:01,1,3,0,0,
26,Patrice Bergeron\bergepa01,34,BOS,C,1,0,0,0,-2,0,0,0,0,0,0,0,0,4,0.0,19,18:38,2,0,17,16,51.5
27,Anders Bjork\bjorkan01,23,BOS,LW,1,0,0,0,-2,0,0,0,0,0,0,0,0,2,0.0,13,13:01,0,1,0,0,
28,Oliver Bjorkstrand\bjorkol01,24,CBJ,RW,1,0,0,0,0,0,0,0,0,0,0,0,0,4,0.0,20,19:38,1,1,0,0,
29,Sammy Blais\blaissa01,23,STL,LW,1,0,0,0,0,0,0,0,0,0,0,0,0,1,0.0,13,12:59,0,7,0,0,
30,Teddy Blueger\bluegte01,25,PIT,C,1,0,0,0,-2,0,0,0,0,0,0,0,0,2,0.0,18,17:47,0,0,4,8,33.3
31,Brock Boeser\boesebr01,22,VAN,RW,1,0,0,0,-1,0,0,0,0,0,0,0,0,1,0.0,19,18:54,1,1,0,0,
32,Nick Bonino\boninni01,31,NSH,C,1,0,0,0,0,2,0,0,0,0,0,0,0,3,0.0,16,15:35,3,0,9,6,60.0
33,Adam Boqvist\boqviad01,19,CHI,D,1,0,0,0,1,0,0,0,0,0,0,0,0,3,0.0,15,14:39,1,0,0,0,
34,Johnny Boychuk\boychjo01,36,NYI,D,1,0,0,0,0,0,0,0,0,0,0,0,0,1,0.0,5,5:17,0,0,0,0,
35,Brian Boyle\boylebr01,35,FLA,C,1,0,0,0,0,0,0,0,0,0,0,0,0,1,0.0,9,9:22,0,2,4,4,50.0
36,Tyler Bozak\bozakty01,33,STL,C,1,0,0,0,0,0,0,0,0,0,0,0,0,4,0.0,17,16:35,1,0,3,5,37.5
37,Derick Brassard\brassde01,32,NYI,C,1,0,1,1,1,0,0,0,0,0,1,0,0,2,0.0,14,13:39,0,2,1,2,33.3
38,Justin Braun\braunju01,32,PHI,D,1,0,0,0,-1,0,0,0,0,0,0,0,0,1,0.0,20,19:39,0,0,0,0,
39,T.J. Brodie\broditj01,29,CGY,D,1,0,1,1,0,0,0,0,0,0,0,0,1,0,,21,21:07,2,1,0,0,
40,Jonas Brodin\brodijo01,26,MIN,D,1,0,0,0,0,0,0,0,0,0,0,0,0,1,0.0,22,21:57,1,0,0,0,
41,Pavel Buchnevich\buchnpa01,24,NYR,LW,1,0,0,0,1,2,0,0,0,0,0,0,0,1,0.0,17,17:07,1,1,0,1,0.0
42,Andre Burakovsky\burakan01,24,COL,LW,1,0,0,0,0,0,0,0,0,0,0,0,0,0,,17,16:34,0,1,0,0,
43,Paul Byron\byronpa01,30,MTL,C,1,0,1,1,1,2,0,0,0,0,1,0,0,0,,15,14:48,0,2,0,1,0.0
44,Drake Caggiula\caggidr01,25,CHI,LW,1,0,0,0,0,0,0,0,0,0,0,0,0,0,,11,11:25,1,4,1,1,50.0
45,Matt Calvert\calvema01,30,COL,LW,1,0,0,0,0,0,0,0,0,0,0,0,0,3,0.0,13,12:56,0,5,0,0,
46,Brandon Carlo\carlobr01,23,BOS,D,1,0,0,0,-1,2,0,0,0,0,0,0,0,1,0.0,19,18:35,1,0,0,0,
47,Ryan Carpenter\carpery01,29,CHI,C,1,0,0,0,0,0,0,0,0,0,0,0,0,1,0.0,14,13:33,0,6,1,4,20.0
48,Cody Ceci\cecico01,26,TOR,D,1,0,0,0,-1,4,0,0,0,0,0,0,0,1,0.0,16,16:28,3,1,0,0,
49,Zdeno Chara\charazd01,42,BOS,D,1,0,0,0,-1,0,0,0,0,0,0,0,0,0,,17,16:57,2,4,0,0,
50,Ben Chiarot\chiarbe01,28,MTL,D,1,0,0,0,0,2,0,0,0,0,0,0,0,3,0.0,29,28:50,3,6,0,0,
51,Alex Chiasson\chiasal01,29,EDM,RW,1,0,0,0,0,0,0,0,0,0,0,0,0,2,0.0,15,15:24,0,2,0,0,
52,Jakob Chychrun\chychja01,21,ARI,D,1,0,0,0,0,2,0,0,0,0,0,0,0,1,0.0,18,17:51,1,1,0,0,
53,Filip Chytil\chytifi01,20,NYR,C,1,0,0,0,0,0,0,0,0,0,0,0,0,0,,16,16:16,0,2,3,8,27.3
54,Casey Cizikas\cizikca01,28,NYI,C,1,0,0,0,0,0,0,0,0,0,0,0,0,0,,15,14:56,0,1,6,7,46.2
55,Kyle Clifford\cliffky01,29,TOR,LW,1,0,0,0,0,0,0,0,0,0,0,0,0,0,,3,3:21,1,0,0,0,
56,Cal Clutterbuck\cluttca01,32,NYI,RW,1,0,0,0,0,0,0,0,0,0,0,0,0,0,,14,14:28,3,3,0,0,
57,Ian Cole\coleia01,30,COL,D,1,0,0,0,0,0,0,0,0,0,0,0,0,1,0.0,17,16:33,0,1,0,0,
58,J.T. Compher\comphj.01,24,COL,LW,1,0,0,0,0,0,0,0,0,0,0,0,0,1,0.0,11,11:25,1,0,3,5,37.5
59,Brett Connolly\connobr01,27,FLA,RW,1,0,0,0,-1,0,0,0,0,0,0,0,0,1,0.0,15,15:24,1,1,0,1,0.0
60,Kyle Connor\connoky01,23,WPG,LW,1,0,0,0,-1,0,0,0,0,0,0,0,0,2,0.0,24,23:43,0,0,0,0,
61,Andrew Copp\coppan01,25,WPG,C,1,1,0,1,0,0,1,0,0,0,0,0,0,2,50.0,18,18:13,0,1,2,0,100.0
62,Sean Couturier\coutuse01,27,PHI,C,1,0,0,0,1,0,0,0,0,0,0,0,0,3,0.0,20,19:55,0,2,10,11,47.6
63,Charlie Coyle\coylech01,27,BOS,C,1,0,0,0,-2,0,0,0,0,0,0,0,0,3,0.0,22,21:34,0,3,9,9,50.0
64,Sidney Crosby\crosbsi01,32,PIT,C,1,1,0,1,1,0,1,0,0,0,0,0,0,5,20.0,25,24:46,0,2,20,16,55.6
65,Lawson Crouse\crousla01,22,ARI,LW,1,0,0,0,1,0,0,0,0,0,0,0,0,2,0.0,13,12:44,1,5,0,0,
66,Kirby Dach\dachki01,19,CHI,C,1,0,1,1,0,0,0,0,0,0,0,1,0,0,,19,19:09,1,0,2,5,28.6
67,Evgenii Dadonov\dadonev01,30,FLA,RW,1,0,0,0,1,2,0,0,0,0,0,0,0,2,0.0,18,18:08,0,3,0,0,
68,Phillip Danault\danauph01,26,MTL,LW,1,0,1,1,0,6,0,0,0,0,1,0,0,5,0.0,22,21:37,1,4,12,11,52.2
69,Calvin de Haan\dehaaca01,28,CHI,D,1,0,0,0,0,0,0,0,0,0,0,0,0,0,,21,21:00,1,4,0,0,
70,Anthony DeAngelo\deangan01,24,NYR,D,1,0,0,0,0,2,0,0,0,0,0,0,0,2,0.0,19,19:23,1,1,0,0,
71,Alex DeBrincat\debrial01,22,CHI,RW,1,0,0,0,0,0,0,0,0,0,0,0,0,5,0.0,13,13:18,1,1,0,0,
72,Jake Debrusk\debruja01,23,BOS,LW,1,0,0,0,0,0,0,0,0,0,0,0,0,2,0.0,15,15:17,1,0,0,0,
73,Dylan DeMelo\demeldy01,26,WPG,D,1,0,0,0,0,0,0,0,0,0,0,0,0,1,0.0,18,18:09,2,1,0,0,
74,Jason Demers\demerja01,31,ARI,D,1,0,0,0,1,2,0,0,0,0,0,0,0,0,,17,17:23,5,3,0,0,
75,Travis Dermott\dermotr01,23,TOR,D,1,0,0,0,0,0,0,0,0,0,0,0,0,0,,17,17:01,1,3,0,0,
76,Phillip Di Giuseppe\digiuph01,26,NYR,LW,1,0,0,0,0,0,0,0,0,0,0,0,0,0,,6,6:02,0,3,0,0,
77,Max Domi\domima01,24,MTL,LW,1,0,0,0,0,0,0,0,0,0,0,0,0,1,0.0,16,15:33,0,1,4,3,57.1
78,Ryan Donato\donatry01,23,MIN,C,1,0,0,0,0,0,0,0,0,0,0,0,0,1,0.0,11,10:57,0,3,0,0,
79,Joonas Donskoi\donskjo01,27,COL,RW,1,0,0,0,0,0,0,0,0,0,0,0,0,1,0.0,13,13:16,1,0,0,0,
80,Leon Draisaitl\draisle01,24,EDM,C,1,1,2,3,1,0,0,1,0,0,1,1,0,4,25.0,22,21:54,0,0,10,11,47.6
81,Jonathan Drouin\drouijo01,24,MTL,LW,1,0,0,0,1,4,0,0,0,0,0,0,0,1,0.0,17,17:25,0,2,1,1,50.0
82,Dillon Dube\dubedi01,21,CGY,C,1,0,0,0,0,0,0,0,0,0,0,0,0,3,0.0,14,13:55,0,2,0,0,
83,Pierre-Luc Dubois\duboipi01,21,CBJ,LW,1,0,0,0,0,0,0,0,0,0,0,0,0,2,0.0,19,19:17,4,1,7,9,43.8
84,Matt Duchene\duchema01,29,NSH,C,1,0,1,1,-2,2,0,0,0,0,0,1,0,1,0.0,17,16:33,0,1,3,5,37.5
85,Mathew Dumba\dumbama01,25,MIN,D,1,0,0,0,0,0,0,0,0,0,0,0,0,3,0.0,22,22:00,3,2,0,0,
86,Brian Dumoulin\dumoubr01,28,PIT,D,1,0,0,0,-1,0,0,0,0,0,0,0,0,3,0.0,24,24:23,3,1,0,0,
87,Vince Dunn\dunnvi02,23,STL,D,1,0,0,0,0,0,0,0,0,0,0,0,0,1,0.0,15,14:49,0,2,0,0,
88,Christian Dvorak\dvorach01,23,ARI,C,1,1,1,2,1,0,1,0,0,0,0,1,0,2,50.0,16,16:22,1,0,7,9,43.8
89,Cody Eakin\eakinco01,28,WPG,C,1,0,0,0,-1,2,0,0,0,0,0,0,0,0,,17,16:34,0,3,4,4,50.0
90,Jordan Eberle\eberljo01,29,NYI,RW,1,0,0,0,0,0,0,0,0,0,0,0,0,0,,17,16:31,1,0,0,1,0.0
91,Alexander Edler\edleral01,33,VAN,D,1,0,0,0,0,2,0,0,0,0,0,0,0,4,0.0,20,20:10,3,4,0,0,
92,Joel Edmundson\edmunjo01,26,CAR,D,1,0,0,0,0,2,0,0,0,0,0,0,0,2,0.0,19,19:22,1,1,0,0,
93,Nikolaj Ehlers\ehlerni01,23,WPG,LW,1,0,0,0,-1,0,0,0,0,0,0,0,0,2,0.0,17,16:34,0,3,1,0,100.0
94,Aaron Ekblad\ekblaaa01,23,FLA,D,1,0,0,0,1,0,0,0,0,0,0,0,0,4,0.0,26,25:34,0,3,0,0,
95,Mattias Ekholm\ekholma01,29,NSH,D,1,0,0,0,0,0,0,0,0,0,0,0,0,4,0.0,25,24:47,2,0,0,0,
96,Oliver Ekman-Larsson\ekmanol01,28,ARI,D,1,1,0,1,1,0,1,0,0,0,0,0,0,3,33.3,24,24:21,1,2,0,0,
97,Ryan Ellis\ellisry01,29,NSH,D,1,1,0,1,-1,0,1,0,0,0,0,0,0,5,20.0,26,26:05,2,1,0,0,
98,Tyler Ennis\ennisty01,30,EDM,C,1,0,0,0,0,4,0,0,0,0,0,0,0,0,,13,12:37,0,2,0,2,0.0
99,Joel Eriksson Ek\eriksjo02,23,MIN,C,1,0,0,0,1,0,0,0,0,0,0,0,0,3,0.0,16,16:24,0,2,5,5,50.0
100,Dante Fabbro\fabbrda01,21,NSH,D,1,0,0,0,0,2,0,0,0,0,0,0,0,0,,16,15:47,1,0,0,0,
101,Oscar Fantenberg\fanteos01,28,VAN,D,1,0,0,0,0,0,0,0,0,0,0,0,0,2,0.0,16,15:30,1,2,0,0,
102,Jesper Fast\fastje01,28,NYR,RW,1,0,0,0,-1,0,0,0,0,0,0,0,0,0,,1,1:04,0,0,0,0,
103,Justin Faulk\faulkju01,27,STL,D,1,0,0,0,0,0,0,0,0,0,0,0,0,3,0.0,21,21:26,0,5,0,0,
104,Micheal Ferland\ferlami01,27,VAN,LW,1,0,0,0,0,7,0,0,0,0,0,0,0,0,,12,11:41,0,5,0,0,
105,Kevin Fiala\fialake01,23,MIN,LW,1,1,0,1,0,0,0,1,0,1,0,0,0,5,20.0,17,17:29,0,1,0,0,
106,Christian Fischer\fischch01,22,ARI,RW,1,0,0,0,0,2,0,0,0,0,0,0,0,2,0.0,13,12:35,0,3,0,0,
107,Haydn Fleury\fleurha01,23,CAR,D,1,0,0,0,0,2,0,0,0,0,0,0,0,0,,14,14:05,1,1,0,0,
108,Warren Foegele\foegewa01,23,CAR,LW,1,0,0,0,0,0,0,0,0,0,0,0,0,2,0.0,12,12:25,0,1,0,0,
109,Marcus Foligno\foligma01,28,MIN,LW,1,0,0,0,0,5,0,0,0,0,0,0,0,0,,12,12:11,1,7,0,0,
110,Nick Foligno\foligni01,32,CBJ,LW,1,0,1,1,2,0,0,0,0,0,1,0,0,1,0.0,16,16:19,0,5,0,2,0.0
111,Derek Forbort\forbode01,27,CGY,D,1,0,0,0,0,0,0,0,0,0,0,0,0,1,0.0,17,17:15,2,2,0,0,
112,Filip Forsberg\forsbfi01,25,NSH,C,1,2,0,2,-1,0,0,2,0,0,0,0,0,7,28.6,19,19:22,0,2,0,0,
113,Liam Foudy\foudyli01,19,CBJ,C,1,0,0,0,0,0,0,0,0,0,0,0,0,2,0.0,13,13:19,0,1,0,0,
114,Adam Fox\foxad01,21,NYR,D,1,0,0,0,2,2,0,0,0,0,0,0,0,1,0.0,20,19:53,1,1,0,0,
115,Alex Galchenyuk\galchal01,25,MIN,C,1,0,0,0,0,0,0,0,0,0,0,0,0,1,0.0,15,14:34,0,1,5,9,35.7
116,Brendan Gallagher\gallabr01,27,MTL,RW,1,0,1,1,0,0,0,0,0,0,1,0,0,9,0.0,20,19:55,0,4,0,0,
117,Jake Gardiner\gardija01,29,CAR,D,1,0,0,0,-1,0,0,0,0,0,0,0,0,2,0.0,12,11:55,0,2,0,0,
118,Conor Garland\garlaco01,23,ARI,RW,1,0,0,0,0,0,0,0,0,0,0,0,0,2,0.0,10,10:22,0,1,0,0,
119,Adam Gaudette\gaudead01,23,VAN,C,1,0,0,0,0,0,0,0,0,0,0,0,0,0,,11,10:47,2,0,7,6,53.8
120,Johnny Gaudreau\gaudrjo01,26,CGY,LW,1,1,0,1,0,0,0,1,0,0,0,0,0,1,100.0,17,17:14,0,0,0,0,
121,Frederik Gauthier\gauthfr01,24,TOR,C,1,0,0,0,0,0,0,0,0,0,0,0,0,0,,4,4:14,0,0,0,1,0.0
122,Julien Gauthier\gauthju01,22,NYR,RW,1,0,0,0,0,0,0,0,0,0,0,0,0,2,0.0,12,11:41,0,2,0,0,
123,Vladislav Gavrikov\gavrivl01,24,CBJ,D,1,0,0,0,1,0,0,0,0,0,0,0,0,3,0.0,18,18:05,2,3,0,0,
124,Morgan Geekie\geekimo01,21,CAR,C,1,0,0,0,1,0,0,0,0,0,0,0,0,0,,6,6:29,0,3,1,1,50.0
125,Mark Giordano\giordma01,36,CGY,D,1,0,0,0,-1,0,0,0,0,0,0,0,0,3,0.0,23,22:40,1,0,0,0,
126,Samuel Girard\girarsa01,21,COL,D,1,0,0,0,0,0,0,0,0,0,0,0,0,2,0.0,20,20:07,2,1,0,0,
127,Claude Giroux\giroucl01,32,PHI,C,1,0,0,0,1,0,0,0,0,0,0,0,0,3,0.0,19,18:59,0,0,8,7,53.3
128,Alex Goligoski\goligal01,34,ARI,D,1,0,0,0,1,0,0,0,0,0,0,0,0,2,0.0,24,24:16,3,2,0,0,
129,Michael Grabner\grabnmi01,32,ARI,RW,1,1,0,1,1,0,0,0,1,1,0,0,0,2,50.0,9,9:12,0,0,0,0,
130,Mikael Granlund\granlmi01,27,NSH,C,1,0,0,0,-1,2,0,0,0,0,0,0,0,3,0.0,18,18:23,3,2,0,2,0.0
131,Derek Grant\grantde01,29,PHI,C,1,0,0,0,0,0,0,0,0,0,0,0,0,3,0.0,12,11:57,0,0,8,3,72.7
132,Ryan Graves\gravery01,24,COL,D,1,1,0,1,1,0,1,0,0,0,0,0,0,2,50.0,20,19:34,2,4,0,0,
133,Jordan Greenway\greenjo02,22,MIN,LW,1,0,0,0,0,0,0,0,0,0,0,0,0,2,0.0,16,16:00,0,0,1,0,100.0
134,Rocco Grimaldi\grimaro01,26,NSH,C,1,0,0,0,0,2,0,0,0,0,0,0,0,1,0.0,10,9:54,0,0,0,0,
135,Matt Grzelcyk\grzelma01,26,BOS,D,1,0,0,0,-1,0,0,0,0,0,0,0,0,0,,17,17:03,1,1,0,0,
136,Jake Guentzel\guentja01,25,PIT,C,1,0,1,1,1,0,0,0,0,0,1,0,0,2,0.0,27,26:42,0,1,0,0,
137,Carl Gunnarsson\gunnaca01,33,STL,D,1,0,0,0,0,4,0,0,0,0,0,0,0,1,0.0,15,15:03,1,2,0,0,
138,Erik Gustafsson\gustaer02,27,CGY,D,1,0,0,0,0,2,0,0,0,0,0,0,0,3,0.0,19,19:09,0,1,0,0,
139,Robert Hagg\haggro01,24,PHI,D,1,0,0,0,-1,2,0,0,0,0,0,0,0,1,0.0,16,16:17,1,3,0,0,
140,Taylor Hall\hallta02,28,ARI,LW,1,0,2,2,1,0,0,0,0,0,2,0,0,3,0.0,18,17:56,0,2,0,0,
141,Noah Hanifin\hanifno01,23,CGY,D,1,0,0,0,1,0,0,0,0,0,0,0,0,4,0.0,17,16:32,0,1,0,0,
142,Ryan Hartman\hartmry01,25,MIN,RW,1,0,0,0,1,0,0,0,0,0,0,0,0,3,0.0,13,13:20,1,3,1,0,100.0
143,Erik Haula\haulaer01,28,FLA,LW,1,0,0,0,0,0,0,0,0,0,0,0,0,3,0.0,18,18:09,0,2,3,7,30.0
144,Kevin Hayes\hayeske01,27,PHI,RW,1,0,1,1,1,0,0,0,0,0,1,0,0,2,0.0,17,17:27,1,1,7,9,43.8
145,Barrett Hayton\haytoba01,19,ARI,C,1,0,0,0,0,0,0,0,0,0,0,0,0,2,0.0,8,8:07,0,0,3,2,60.0
146,Matthew Highmore\highmma01,23,CHI,LW,1,0,0,0,0,0,0,0,0,0,0,0,0,1,0.0,11,11:08,1,2,0,0,
147,Niklas Hjalmarsson\hjalmni01,32,ARI,D,1,0,0,0,1,0,0,0,0,0,0,0,0,1,0.0,19,19:01,3,0,0,0,
148,Mike Hoffman\hoffmmi02,30,FLA,C,1,0,0,0,0,2,0,0,0,0,0,0,0,1,0.0,20,20:05,0,1,0,0,
149,Justin Holl\hollju01,28,TOR,D,1,0,0,0,0,0,0,0,0,0,0,0,0,1,0.0,22,21:41,2,1,0,0,
150,Patric Hornqvist\hornqpa01,33,PIT,RW,1,0,1,1,-1,0,0,0,0,0,0,1,0,1,0.0,15,14:54,2,2,0,0,
151,Bo Horvat\horvabo01,24,VAN,C,1,0,0,0,-1,0,0,0,0,0,0,0,0,0,,17,17:27,0,2,10,9,52.6
152,Brett Howden\howdebr01,21,NYR,C,1,0,0,0,-1,4,0,0,0,0,0,0,0,0,,17,17:08,2,9,6,2,75.0
153,Jonathan Huberdeau\huberjo01,26,FLA,LW,1,1,0,1,1,0,1,0,0,0,0,0,0,2,50.0,19,18:32,1,2,0,0,
154,Quinn Hughes\hughequ01,20,VAN,D,1,0,0,0,-1,0,0,0,0,0,0,0,0,2,0.0,24,23:47,0,0,0,0,
155,Brad Hunt\huntbr01,31,MIN,D,1,0,0,0,0,0,0,0,0,0,0,0,0,1,0.0,14,14:16,0,0,0,0,
156,Zach Hyman\hymanza01,27,TOR,C,1,0,0,0,-1,0,0,0,0,0,0,0,0,1,0.0,21,21:21,0,2,0,2,0.0
157,Calle Jarnkrok\jarnkca01,28,NSH,C,1,0,0,0,0,0,0,0,0,0,0,0,0,1,0.0,12,11:39,0,0,0,0,
158,Boone Jenner\jennebo01,26,CBJ,C,1,0,0,0,0,0,0,0,0,0,0,0,0,1,0.0,18,17:38,0,3,10,7,58.8
159,Ryan Johansen\johanry01,27,NSH,C,1,0,1,1,-1,2,0,0,0,0,1,0,0,2,0.0,17,17:09,1,3,14,10,58.3
160,Erik Johnson\johnser01,31,COL,D,1,0,0,0,0,0,0,0,0,0,0,0,0,3,0.0,18,18:12,0,4,0,0,
161,Jack Johnson\johnsja02,33,PIT,D,1,0,0,0,-2,0,0,0,0,0,0,0,0,0,,18,17:33,0,2,0,0,
162,Seth Jones\jonesse01,25,CBJ,D,1,0,0,0,1,0,0,0,0,0,0,0,0,1,0.0,27,26:54,1,7,0,0,
163,Roman Josi\josiro01,29,NSH,D,1,0,2,2,-2,0,0,0,0,0,1,1,0,1,0.0,29,28:32,2,0,0,0,
164,Tyson Jost\jostty01,21,COL,C,1,0,0,0,0,0,0,0,0,0,0,0,0,1,0.0,10,9:45,0,0,0,1,0.0
165,Nazem Kadri\kadrina01,29,COL,C,1,1,0,1,0,0,0,1,0,1,0,0,0,6,16.7,18,18:06,0,3,4,6,40.0
166,Kaapo Kakko\kakkoka01,18,NYR,RW,1,0,0,0,0,0,0,0,0,0,0,0,0,5,0.0,15,15:21,2,0,0,0,
167,David Kampf\kampfda01,25,CHI,C,1,0,0,0,0,2,0,0,0,0,0,0,0,1,0.0,15,14:52,0,5,4,2,66.7
168,Patrick Kane\kanepa01,31,CHI,RW,1,0,1,1,1,2,0,0,0,0,0,1,0,7,0.0,22,21:47,0,0,0,0,
169,Kasperi Kapanen\kapanka01,23,TOR,RW,1,0,0,0,0,10,0,0,0,0,0,0,0,1,0.0,16,16:20,1,4,0,0,
170,Zack Kassian\kassiza01,29,EDM,RW,1,0,0,0,-3,0,0,0,0,0,0,0,0,0,,15,15:20,0,2,0,0,
171,Duncan Keith\keithdu01,36,CHI,D,1,0,2,2,1,0,0,0,0,0,0,2,0,1,0.0,22,22:24,2,0,0,0,
172,Clayton Keller\kellecl01,21,ARI,C,1,1,0,1,1,0,0,1,0,0,0,0,0,2,50.0,19,18:45,0,0,0,0,
173,Alexander Kerfoot\kerfoal01,25,TOR,C,1,0,0,0,0,0,0,0,0,0,0,0,0,2,0.0,16,16:08,3,3,6,9,40.0
174,Phil Kessel\kesseph01,32,ARI,RW,1,0,2,2,0,2,0,0,0,0,1,1,0,4,0.0,17,17:25,0,0,0,0,
175,Jujhar Khaira\khairju01,25,EDM,LW,1,0,0,0,0,0,0,0,0,0,0,0,0,0,,12,11:32,0,2,2,2,50.0
176,Oscar Klefbom\klefbos01,26,EDM,D,1,0,2,2,-1,0,0,0,0,0,1,1,0,1,0.0,22,22:27,2,0,0,0,
177,Slater Koekkoek\koekksl01,25,CHI,D,1,0,0,0,1,0,0,0,0,0,0,0,0,0,,16,15:43,1,3,0,0,
178,Mikko Koivu\koivumi01,36,MIN,C,1,0,0,0,1,2,0,0,0,0,0,0,0,2,0.0,11,11:17,0,0,5,9,35.7
179,Travis Konecny\konectr01,22,PHI,C,1,0,0,0,1,0,0,0,0,0,0,0,0,0,,17,17:11,1,1,1,0,100.0
180,Jesperi Kotkaniemi\kotkaje01,19,MTL,C,1,1,0,1,1,0,1,0,0,0,0,0,0,2,50.0,14,13:49,0,3,3,5,37.5
181,Chris Kreider\kreidch01,28,NYR,LW,1,0,1,1,1,2,0,0,0,0,1,0,0,1,0.0,18,18:19,0,6,1,1,50.0
182,David Krejci\krejcda01,33,BOS,C,1,0,0,0,0,2,0,0,0,0,0,0,0,3,0.0,18,17:57,0,0,1,8,11.1
183,Torey Krug\krugto01,28,BOS,D,1,0,0,0,-2,2,0,0,0,0,0,0,0,2,0.0,21,21:18,1,0,0,0,
184,Dominik Kubal√≠k\kubaldo01,24,CHI,LW,1,2,3,5,1,0,0,2,0,1,2,1,0,5,40.0,14,13:56,0,0,0,0,
185,Karson Kuhlman\kuhlmka01,24,BOS,C,1,0,0,0,-1,0,0,0,0,0,0,0,0,3,0.0,12,12:15,0,2,0,0,
186,Tom Kuhnhackl\kuhnhto01,28,NYI,RW,1,0,0,0,1,0,0,0,0,0,0,0,0,0,,12,11:33,0,2,0,0,
187,Dean Kukan\kukande01,26,CBJ,D,1,0,0,0,0,0,0,0,0,0,0,0,0,4,0.0,13,13:04,0,1,0,0,
188,Brett Kulak\kulakbr01,26,MTL,D,1,0,1,1,1,0,0,0,0,0,1,0,0,2,0.0,20,20:21,1,1,0,0,
189,Dmitry Kulikov\kulikdm01,29,WPG,D,1,0,1,1,1,0,0,0,0,0,1,0,0,0,,18,17:58,1,1,0,0,
190,Luke Kunin\kuninlu01,22,MIN,C,1,0,0,0,0,0,0,0,0,0,0,0,0,1,0.0,15,14:33,1,5,2,0,100.0
191,Sean Kuraly\kuralse01,27,BOS,C,1,0,0,0,1,0,0,0,0,0,0,0,0,3,0.0,14,13:59,2,2,4,7,36.4
192,Patrik Laine\lainepa01,21,WPG,RW,1,0,0,0,-1,0,0,0,0,0,0,0,0,3,0.0,19,19:28,1,2,0,1,0.0
193,Gabriel Landeskog\landega01,27,COL,LW,1,0,1,1,1,4,0,0,0,0,0,1,0,3,0.0,21,20:55,0,3,3,4,42.9
194,Adam Larsson\larssad01,27,EDM,D,1,0,0,0,-2,0,0,0,0,0,0,0,0,0,,17,17:11,0,3,0,0,
195,Scott Laughton\laughsc01,25,PHI,C,1,1,0,1,0,12,1,0,0,0,0,0,0,2,50.0,13,13:21,1,0,1,2,33.3
196,Jeremy Lauzon\lauzoje01,22,BOS,D,1,0,0,0,-1,12,0,0,0,0,0,0,0,0,,14,13:39,0,2,0,0,
197,Nick Leddy\leddyni01,28,NYI,D,1,0,0,0,0,0,0,0,0,0,0,0,0,3,0.0,22,21:41,0,2,0,0,
198,Anders Lee\leean01,29,NYI,C,1,0,0,0,0,0,0,0,0,0,0,0,0,1,0.0,17,16:34,0,3,3,3,50.0
199,Artturi Lehkonen\lehkoar01,24,MTL,LW,1,0,0,0,1,0,0,0,0,0,0,0,0,1,0.0,20,20:18,2,3,0,0,
200,Kris Letang\letankr01,32,PIT,D,1,0,0,0,-1,0,0,0,0,0,0,0,0,6,0.0,32,31:35,5,1,0,0,
201,Ryan Lindgren\lindgry01,21,NYR,D,1,0,1,1,1,0,0,0,0,0,1,0,0,0,,21,20:34,1,1,0,0,
202,Elias Lindholm\lindhel01,25,CGY,C,1,0,1,1,0,0,0,0,0,0,0,1,0,3,0.0,19,18:59,0,3,1,0,100.0
203,Adam Lowry\lowryad01,26,WPG,LW,1,0,1,1,1,2,0,0,0,0,1,0,0,1,0.0,16,16:12,1,3,5,12,29.4
204,Milan Lucic\lucicmi01,31,CGY,LW,1,0,1,1,0,4,0,0,0,0,0,1,0,1,0.0,13,13:29,0,3,0,0,
205,Olli Maatta\maattol01,25,CHI,D,1,0,1,1,1,2,0,0,0,0,1,0,0,0,,17,17:02,3,2,0,0,
206,Nathan MacKinnon\mackina01,24,COL,C,1,0,1,1,1,0,0,0,0,0,0,1,0,5,0.0,23,23:08,0,3,5,6,45.5
207,Cale Makar\makarca01,21,COL,D,1,0,0,0,1,0,0,0,0,0,0,0,0,4,0.0,22,21:32,1,3,0,0,
208,Evgeni Malkin\malkiev01,33,PIT,C,1,0,0,0,0,0,0,0,0,0,0,0,0,8,0.0,25,25:15,0,2,5,3,62.5
209,Andrew Mangiapane\mangian01,23,CGY,LW,1,1,1,2,1,2,1,0,0,0,0,1,0,2,50.0,13,12:47,0,2,0,0,
210,Brad Marchand\marchbr03,31,BOS,LW,1,0,0,0,-2,0,0,0,0,0,0,0,0,2,0.0,21,21:01,1,0,1,0,100.0
211,John Marino\marinjo01,22,PIT,D,1,0,0,0,0,0,0,0,0,0,0,0,0,1,0.0,25,25:21,1,1,0,0,
212,Patrick Marleau\marlepa01,40,PIT,C,1,0,0,0,-1,0,0,0,0,0,0,0,0,0,,11,11:15,0,2,0,1,0.0
213,Mitch Marner\marnemi01,22,TOR,RW,1,0,0,0,-2,0,0,0,0,0,0,0,0,0,,20,20:05,1,2,0,0,
214,Matt Martin\martima02,30,NYI,LW,1,0,0,0,0,0,0,0,0,0,0,0,0,0,,12,11:46,2,3,0,0,
215,Jordan Martinook\martijo01,27,CAR,LW,1,0,0,0,0,0,0,0,0,0,0,0,0,1,0.0,9,8:41,0,3,1,1,50.0
216,Mike Matheson\mathemi01,25,FLA,D,1,0,0,0,0,2,0,0,0,0,0,0,0,0,,12,11:32,1,1,0,0,
217,Auston Matthews\matthau01,22,TOR,C,1,0,0,0,-1,0,0,0,0,0,0,0,0,6,0.0,25,24:38,0,1,11,6,64.7
218,Scott Mayfield\mayfisc01,27,NYI,D,1,0,0,0,1,0,0,0,0,0,0,0,0,1,0.0,25,24:31,0,1,0,0,
219,Charlie McAvoy\mcavoch01,22,BOS,D,1,0,1,1,0,0,0,0,0,0,1,0,0,2,0.0,21,21:10,0,4,0,0,
220,Jared McCann\mccanja01,23,PIT,C,1,0,1,1,-1,2,0,0,0,0,0,1,0,0,,16,15:38,1,2,5,5,50.0
221,Connor McDavid\mcdavco01,23,EDM,C,1,1,2,3,-2,2,0,1,0,0,0,2,0,3,33.3,23,23:21,1,4,4,8,33.3
222,Brock McGinn\mcginbr01,25,CAR,LW,1,0,0,0,0,2,0,0,0,0,0,0,0,0,,10,9:45,0,1,0,0,
223,Greg McKegg\mckeggr01,27,NYR,C,1,0,0,0,-1,2,0,0,0,0,0,0,0,0,,10,10:21,0,1,1,1,50.0
224,Victor Mete\metevi01,21,MTL,D,1,0,0,0,0,0,0,0,0,0,0,0,0,0,,14,13:39,3,0,0,0,
225,Ilya Mikheyev\mikheil01,25,TOR,F,1,0,0,0,-1,0,0,0,0,0,0,0,0,3,0.0,16,15:42,0,1,0,0,
226,J.T. Miller\millejt01,26,VAN,C,1,0,0,0,-1,0,0,0,0,0,0,0,0,2,0.0,19,18:35,2,0,7,4,63.6
227,Sean Monahan\monahse01,25,CGY,C,1,0,1,1,0,0,0,0,0,0,0,1,0,3,0.0,18,17:34,0,1,12,4,75.0
228,Josh Morrissey\morrijo04,24,WPG,D,1,0,0,0,-2,0,0,0,0,0,0,0,0,1,0.0,18,17:34,0,2,0,0,
229,Tyler Motte\mottety01,24,VAN,C,1,0,0,0,0,0,0,0,0,0,0,0,0,1,0.0,15,14:53,1,7,0,0,
230,Connor Murphy\murphco02,26,CHI,D,1,0,0,0,0,0,0,0,0,0,0,0,0,4,0.0,22,21:34,1,4,0,0,
231,Ryan Murray\murrary01,26,CBJ,D,1,0,0,0,0,0,0,0,0,0,0,0,0,1,0.0,15,14:58,0,0,0,0,
232,Jake Muzzin\muzzija01,30,TOR,D,1,0,0,0,0,0,0,0,0,0,0,0,0,3,0.0,20,20:09,2,1,0,0,
233,Philippe Myers\myersph01,23,PHI,D,1,1,0,1,3,0,1,0,0,0,0,0,0,5,20.0,18,17:51,1,2,0,0,
234,Tyler Myers\myersty01,29,VAN,D,1,0,0,0,0,2,0,0,0,0,0,0,0,3,0.0,21,20:52,3,4,0,0,
235,Vladislav Namestnikov\namesvl01,27,COL,C,1,0,0,0,0,0,0,0,0,0,0,0,0,2,0.0,11,11:09,0,2,0,0,
236,Riley Nash\nashri02,30,CBJ,C,1,0,0,0,0,0,0,0,0,0,0,0,0,1,0.0,10,10:03,0,5,1,3,25.0
237,James Neal\nealja01,32,EDM,LW,1,1,0,1,1,0,0,1,0,0,0,0,0,3,33.3,11,10:59,0,4,0,0,
238,Martin Necas\necasma01,21,CAR,C,1,1,0,1,0,0,1,0,0,1,0,0,0,2,50.0,15,14:37,1,2,1,1,50.0
239,Brock Nelson\nelsobr01,28,NYI,C,1,0,0,0,-1,0,0,0,0,0,0,0,0,5,0.0,17,16:54,1,2,3,6,33.3
240,Valeri Nichushkin\nichuva01,24,COL,RW,1,0,0,0,0,0,0,0,0,0,0,0,0,0,,16,15:46,0,4,0,0,
241,Nino Niederreiter\niedeni01,27,CAR,RW,1,0,1,1,-1,0,0,0,0,0,1,0,0,3,0.0,15,15:07,1,0,0,0,
242,Matt Niskanen\niskama01,33,PHI,D,1,0,0,0,1,2,0,0,0,0,0,0,0,0,,20,20:20,2,2,0,0,
243,Joakim Nordstrom\nordsjo02,27,BOS,C,1,0,1,1,1,0,0,0,0,0,1,0,0,0,,10,10:25,0,4,0,0,
244,Ryan Nugent-Hopkins\nugenry01,26,EDM,C,1,1,2,3,-2,0,1,0,0,0,0,2,0,2,50.0,23,22:41,2,1,2,0,100.0
245,Darnell Nurse\nurseda01,24,EDM,D,1,0,0,0,-1,2,0,0,0,0,0,0,0,4,0.0,26,25:30,3,5,0,0,
246,Alexander Nylander\nylanal01,21,CHI,LW,1,0,0,0,1,0,0,0,0,0,0,0,0,2,0.0,16,16:07,1,1,0,0,
247,William Nylander\nylanwi01,23,TOR,C,1,0,0,0,-1,0,0,0,0,0,0,0,0,1,0.0,22,21:51,0,0,0,0,
248,Gustav Nyquist\nyquigu01,30,CBJ,RW,1,0,0,0,0,0,0,0,0,0,0,0,0,0,,17,17:28,0,3,1,1,50.0
249,Ryan O'Reilly\oreilry01,28,STL,C,1,0,1,1,0,0,0,0,0,0,0,1,0,3,0.0,21,21:28,0,0,14,7,66.7
250,Jordan Oesterle\oestejo01,27,ARI,D,1,0,0,0,0,0,0,0,0,0,0,0,0,2,0.0,11,11:17,1,1,0,0,
251,Xavier Ouellet\ouellxa01,26,MTL,D,1,0,0,0,0,0,0,0,0,0,0,0,0,1,0.0,19,18:46,7,4,0,0,
252,Jean-Gabriel Pageau\pageaje01,27,NYI,C,1,1,0,1,1,0,1,0,0,0,0,0,0,4,25.0,15,14:49,0,3,8,2,80.0
253,Artemi Panarin\panarar01,28,NYR,LW,1,0,1,1,0,0,0,0,0,0,0,0,1,4,0.0,21,20:35,0,1,0,0,
254,Colton Parayko\parayco01,26,STL,D,1,0,0,0,-1,0,0,0,0,0,0,0,0,2,0.0,22,21:59,6,4,0,0,
255,Zach Parise\parisza01,35,MIN,LW,1,0,0,0,0,2,0,0,0,0,0,0,0,3,0.0,16,15:51,0,1,0,0,
256,David Pastrnak\pastrda01,23,BOS,RW,1,0,0,0,-3,0,0,0,0,0,0,0,0,2,0.0,21,21:19,0,0,1,0,100.0
257,Tanner Pearson\pearsta01,27,VAN,LW,1,0,0,0,0,4,0,0,0,0,0,0,0,0,,15,14:59,0,5,0,0,
258,Adam Pelech\pelecad01,25,NYI,D,1,0,0,0,-1,2,0,0,0,0,0,0,0,0,,22,21:31,1,5,0,0,
259,Mathieu Perreault\perrema01,32,WPG,C,1,0,0,0,-1,0,0,0,0,0,0,0,0,1,0.0,12,11:50,0,1,1,0,100.0
260,David Perron\perroda01,31,STL,LW,1,1,0,1,0,0,0,1,0,0,0,0,0,3,33.3,17,17:16,0,2,0,0,
261,Jeff Petry\petryje01,32,MTL,D,1,1,0,1,2,0,1,0,0,1,0,0,0,1,100.0,31,30:56,1,6,0,0,
262,Elias Pettersson\petteel01,21,VAN,C,1,0,0,0,-1,0,0,0,0,0,0,0,0,2,0.0,20,19:38,0,0,2,3,40.0
263,Marcus Pettersson\pettema01,23,PIT,D,1,0,0,0,1,2,0,0,0,0,0,0,0,0,,20,20:10,2,2,0,0,
264,Alex Pietrangelo\pietral01,30,STL,D,1,0,0,0,0,2,0,0,0,0,0,0,0,3,0.0,21,21:25,1,1,0,0,
265,Neal Pionk\pionkne01,24,WPG,D,1,0,0,0,0,0,0,0,0,0,0,0,0,1,0.0,23,23:28,1,1,0,0,
266,Tyler Pitlick\pitlity01,28,PHI,C,1,0,0,0,1,0,0,0,0,0,0,0,0,0,,12,12:27,0,4,0,0,
267,Tucker Poolman\poolmtu01,26,WPG,D,1,0,0,0,0,2,0,0,0,0,0,0,0,0,,14,14:14,0,3,0,0,
268,Ivan Provorov\provoiv01,23,PHI,D,1,0,1,1,1,0,0,0,0,0,1,0,0,1,0.0,25,24:51,3,0,0,0,
269,Ryan Pulock\pulocry01,25,NYI,D,1,0,0,0,-1,0,0,0,0,0,0,0,0,3,0.0,20,20:06,1,0,0,0,
270,Mark Pysyk\pysykma01,28,FLA,D,1,0,0,0,0,0,0,0,0,0,0,0,0,2,0.0,11,11:10,1,1,0,0,
271,Michael Raffl\rafflmi01,31,PHI,LW,1,1,1,2,2,2,1,0,0,0,1,0,0,2,50.0,11,10:35,0,1,1,1,50.0
272,Mikko Rantanen\rantami01,23,COL,RW,1,0,1,1,1,0,0,0,0,0,1,0,0,2,0.0,21,20:30,0,1,2,1,66.7
273,Brad Richardson\richabr02,34,ARI,C,1,0,0,0,0,0,0,0,0,0,0,0,0,4,0.0,17,16:36,1,1,8,11,42.1
274,Tobias Rieder\riedeto01,27,CGY,C,1,1,0,1,0,0,0,0,1,1,0,0,0,1,100.0,11,11:24,0,1,0,2,0.0
275,Morgan Rielly\riellmo01,25,TOR,D,1,0,0,0,-2,0,0,0,0,0,0,0,0,2,0.0,22,22:25,0,2,0,0,
276,Zac Rinaldo\rinalza01,29,CGY,C,1,0,0,0,-1,0,0,0,0,0,0,0,0,0,,3,3:10,0,3,0,0,
277,Nicholas Robertson\roberni01,18,TOR,LW,1,0,0,0,0,0,0,0,0,0,0,0,0,1,0.0,12,12:28,0,2,0,1,0.0
278,Eric Robinson\robiner01,24,CBJ,LW,1,0,0,0,0,0,0,0,0,0,0,0,0,2,0.0,10,9:32,1,1,0,0,
279,Jack Roslovic\rosloja01,23,WPG,C,1,0,0,0,0,0,0,0,0,0,0,0,0,2,0.0,21,20:54,0,2,3,2,60.0
280,Antoine Roussel\roussan01,30,VAN,LW,1,0,0,0,0,10,0,0,0,0,0,0,0,2,0.0,10,10:04,0,2,0,0,
281,Kris Russell\russekr01,32,EDM,D,1,0,0,0,0,0,0,0,0,0,0,0,0,4,0.0,13,12:50,0,0,0,0,
282,Bryan Rust\rustbr01,27,PIT,RW,1,1,0,1,0,0,0,1,0,0,0,0,0,2,50.0,21,21:25,0,3,0,0,
283,Derek Ryan\ryande01,33,CGY,C,1,0,0,0,0,0,0,0,0,0,0,0,0,2,0.0,10,10:08,0,0,5,5,50.0
284,Brandon Saad\saadbr01,27,CHI,LW,1,1,1,2,1,0,1,0,0,0,1,0,0,5,20.0,15,14:55,0,1,0,2,0.0
285,Zach Sanford\sanfoza01,25,STL,LW,1,0,0,0,0,0,0,0,0,0,0,0,0,1,0.0,15,15:02,2,3,0,0,
286,Travis Sanheim\sanhetr01,23,PHI,D,1,0,1,1,3,0,0,0,0,0,1,0,0,1,0.0,18,18:26,2,2,0,0,
287,David Savard\savarda01,29,CBJ,D,1,0,1,1,2,0,0,0,0,0,1,0,0,1,0.0,21,20:56,5,2,0,0,
288,Marco Scandella\scandma01,29,STL,D,1,0,0,0,-1,0,0,0,0,0,0,0,0,0,,19,19:24,0,2,0,0,
289,Colton Sceviour\scevico01,30,FLA,C,1,0,0,0,0,0,0,0,0,0,0,0,0,0,,10,9:48,1,1,0,0,
290,Mark Scheifele\scheima01,26,WPG,C,1,0,0,0,0,0,0,0,0,0,0,0,0,0,,3,2:59,0,1,1,1,50.0
291,Brayden Schenn\schenbr01,28,STL,C,1,0,1,1,-1,0,0,0,0,0,0,1,0,0,,14,13:32,0,1,1,7,12.5
292,Justin Schultz\schulju01,29,PIT,D,1,0,1,1,-1,0,0,0,0,0,1,0,0,2,0.0,19,19:23,2,0,0,0,
293,Jaden Schwartz\schwaja01,27,STL,C,1,0,0,0,-1,2,0,0,0,0,0,0,0,1,0.0,14,14:04,0,1,0,0,
294,Riley Sheahan\sheahri01,28,EDM,C,1,0,0,0,0,0,0,0,0,0,0,0,0,0,,12,11:30,0,5,12,4,75.0
295,Conor Sheary\shearco01,27,PIT,LW,1,0,0,0,1,0,0,0,0,0,0,0,0,1,0.0,17,17:05,1,1,0,0,
296,Nick Shore\shoreni01,27,WPG,C,1,0,0,0,0,0,0,0,0,0,0,0,0,0,,8,8:23,1,1,5,5,50.0
297,Colton Sissons\sissoco01,26,NSH,C,1,0,0,0,0,0,0,0,0,0,0,0,0,0,,12,12:11,2,2,4,6,40.0
298,Brady Skjei\skjeibr01,25,CAR,D,1,0,0,0,0,0,0,0,0,0,0,0,0,3,0.0,20,19:56,0,2,0,0,
299,Jaccob Slavin\slavija01,25,CAR,D,1,1,1,2,0,0,1,0,0,0,1,0,0,3,33.3,25,24:40,1,2,0,0,
300,Brendan Smith\smithbr05,30,NYR,D,1,0,0,0,-2,0,0,0,0,0,0,0,0,1,0.0,16,15:58,1,4,0,0,
301,Craig Smith\smithcr01,30,NSH,C,1,0,0,0,0,0,0,0,0,0,0,0,0,3,0.0,13,13:06,1,0,0,0,
302,Carl Soderberg\soderca01,34,ARI,C,1,0,0,0,0,0,0,0,0,0,0,0,0,2,0.0,18,17:51,2,0,2,1,66.7
303,Carson Soucy\soucyca01,25,MIN,D,1,0,0,0,0,0,0,0,0,0,0,0,0,0,,15,15:08,1,0,0,0,
304,Jason Spezza\spezzja01,36,TOR,C,1,0,0,0,0,0,0,0,0,0,0,0,0,0,,4,3:53,0,1,1,1,50.0
305,Jared Spurgeon\spurgja01,30,MIN,D,1,2,1,3,1,0,1,1,0,0,0,1,0,2,100.0,23,22:46,4,0,0,0,
306,Eric Staal\staaler01,35,MIN,C,1,0,2,2,0,0,0,0,0,0,0,2,0,2,0.0,17,17:08,1,1,6,13,31.6
307,Jordan Staal\staaljo01,31,CAR,C,1,0,0,0,0,0,0,0,0,0,0,0,0,2,0.0,15,15:27,0,2,10,8,55.6
308,Marc Staal\staalma01,33,NYR,D,1,1,0,1,0,0,0,0,1,0,0,0,0,2,50.0,16,16:21,2,4,0,0,
309,Troy Stecher\stechtr01,25,VAN,D,1,0,0,0,0,0,0,0,0,0,0,0,0,2,0.0,16,15:44,1,0,0,0,
310,Alex Steen\steenal01,35,STL,C,1,0,0,0,0,2,0,0,0,0,0,0,0,0,,13,13:18,0,1,0,0,
311,Derek Stepan\stepade01,29,ARI,C,1,0,1,1,0,2,0,0,0,0,1,0,0,1,0.0,18,18:29,1,1,11,8,57.9
312,Riley Stillman\stillri01,21,FLA,D,1,0,0,0,-1,0,0,0,0,0,0,0,0,1,0.0,18,18:22,1,0,0,0,
313,Anton Stralman\stralan01,33,FLA,D,1,0,0,0,-1,0,0,0,0,0,0,0,0,2,0.0,22,21:45,1,2,0,0,
314,Dylan Strome\stromdy01,22,CHI,C,1,1,0,1,1,0,1,0,0,0,0,0,0,3,33.3,16,15:48,1,0,3,7,30.0
315,Ryan Strome\stromry01,26,NYR,C,1,0,0,0,-1,7,0,0,0,0,0,0,0,3,0.0,17,17:05,1,0,6,6,50.0
316,Jack Studnicka\studnja01,20,BOS,C,1,0,0,0,0,0,0,0,0,0,0,0,0,3,0.0,12,11:36,0,0,1,0,100.0
317,Oskar Sundqvist\sundqos01,25,STL,C,1,0,0,0,0,0,0,0,0,0,0,0,0,3,0.0,12,12:24,1,1,3,1,75.0
318,Ryan Suter\suterry01,35,MIN,D,1,0,0,0,1,0,0,0,0,0,0,0,0,1,0.0,24,23:36,1,0,0,0,
319,Brandon Sutter\suttebr03,30,VAN,C,1,0,0,0,0,0,0,0,0,0,0,0,0,3,0.0,11,10:36,0,2,2,0,100.0
320,Nick Suzuki\suzukni01,20,MTL,C,1,1,0,1,1,0,1,0,0,0,0,0,0,3,33.3,23,23:10,2,2,9,13,40.9
321,Andrei Svechnikov\svechan01,19,CAR,RW,1,0,1,1,1,4,0,0,0,0,0,1,0,3,0.0,18,17:38,0,3,0,0,
322,Brandon Tanev\tanevbr01,28,PIT,LW,1,0,0,0,-2,0,0,0,0,0,0,0,0,1,0.0,16,16:26,0,5,0,0,
323,Chris Tanev\tanevch01,30,VAN,D,1,0,0,0,0,0,0,0,0,0,0,0,0,4,0.0,22,21:54,0,0,0,0,
324,Vladimir Tarasenko\tarasvl01,28,STL,RW,1,0,0,0,-1,0,0,0,0,0,0,0,0,2,0.0,14,14:10,1,0,0,0,
325,Tomas Tatar\tatarto01,29,MTL,C,1,0,0,0,0,0,0,0,0,0,0,0,0,0,,18,18:11,2,4,1,0,100.0
326,John Tavares\tavarjo01,29,TOR,C,1,0,0,0,-2,0,0,0,0,0,0,0,0,2,0.0,20,19:42,0,1,15,4,78.9
327,Teuvo Teravainen\teravte01,25,CAR,F,1,0,1,1,0,0,0,0,0,0,1,0,0,1,0.0,20,19:48,0,0,0,0,
328,Alexandre Texier\texieal01,20,CBJ,C,1,0,0,0,0,0,0,0,0,0,0,0,0,4,0.0,17,17:08,0,0,0,1,0.0
329,Robert Thomas\thomaro01,20,STL,C,1,0,0,0,0,0,0,0,0,0,0,0,0,2,0.0,14,14:24,0,0,2,3,40.0
330,Nate Thompson\thompna01,35,PHI,C,1,1,0,1,1,0,1,0,0,1,0,0,0,1,100.0,13,13:01,3,2,5,3,62.5
331,Jarred Tinordi\tinorja01,27,NSH,D,1,0,0,0,0,2,0,0,0,0,0,0,0,2,0.0,11,10:45,0,1,0,0,
332,Matthew Tkachuk\tkachma01,22,CGY,LW,1,0,0,0,1,5,0,0,0,0,0,0,0,2,0.0,18,18:13,1,4,0,0,
333,Devon Toews\toewsde01,25,NYI,D,1,0,1,1,1,0,0,0,0,0,0,1,0,0,,23,22:40,3,0,0,0,
334,Jonathan Toews\toewsjo01,31,CHI,C,1,2,1,3,1,0,1,1,0,0,0,1,0,4,50.0,17,17:02,0,0,16,9,64.0
335,Tyler Toffoli\toffoty01,27,VAN,C,1,0,0,0,-1,0,0,0,0,0,0,0,0,0,,15,15:22,0,5,0,0,
336,Dominic Toninato\tonindo01,25,FLA,C,1,0,0,0,-1,0,0,0,0,0,0,0,0,1,0.0,7,7:27,0,3,1,3,25.0
337,Vincent Trocheck\trochvi01,26,CAR,C,1,0,0,0,0,2,0,0,0,0,0,0,0,3,0.0,18,18:26,2,2,8,4,66.7
338,Jacob Trouba\troubja01,25,NYR,D,1,0,0,0,-1,0,0,0,0,0,0,0,0,0,,20,19:45,1,3,0,0,
339,Kyle Turris\turriky01,30,NSH,C,1,0,0,0,-1,0,0,0,0,0,0,0,0,3,0.0,16,15:30,0,0,1,2,33.3
340,James van Riemsdyk\vanrija01,30,PHI,LW,1,0,0,0,0,2,0,0,0,0,0,0,0,1,0.0,11,10:42,1,2,0,0,
341,Sami Vatanen\vatansa01,28,CAR,D,1,0,1,1,0,4,0,0,0,0,0,1,0,4,0.0,21,20:41,0,0,0,0,
342,Frank Vatrano\vatrafr01,25,FLA,LW,1,0,0,0,-1,2,0,0,0,0,0,0,0,2,0.0,11,10:59,1,1,0,0,
343,Jakub Voracek\voracja01,30,PHI,RW,1,0,1,1,1,0,0,0,0,0,1,0,0,3,0.0,18,17:48,0,0,0,0,
344,Chris Wagner\wagnech01,28,BOS,C,1,1,0,1,1,0,1,0,0,0,0,0,0,3,33.3,11,10:58,0,5,2,1,66.7
345,Austin Watson\watsoau01,28,NSH,LW,1,0,0,0,0,0,0,0,0,0,0,0,0,1,0.0,6,6:03,0,2,0,0,
346,Jordan Weal\wealjo01,27,MTL,C,1,0,0,0,0,0,0,0,0,0,0,0,0,0,,14,14:09,0,1,3,0,100.0
347,Shea Weber\webersh01,34,MTL,D,1,0,0,0,1,0,0,0,0,0,0,0,0,3,0.0,32,31:35,2,3,0,0,
348,Yannick Weber\weberya01,31,NSH,D,1,0,0,0,0,0,0,0,0,0,0,0,0,2,0.0,7,7:06,0,0,0,0,
349,MacKenzie Weegar\weegama01,26,FLA,D,1,0,1,1,1,0,0,0,0,0,1,0,0,2,0.0,23,22:45,1,2,0,0,
350,Dale Weise\weiseda01,31,MTL,RW,1,0,0,0,0,0,0,0,0,0,0,0,0,0,,13,12:36,0,5,0,0,
351,Alexander Wennberg\wennbal01,25,CBJ,C,1,1,0,1,2,0,1,0,0,0,0,0,0,3,33.3,15,14:33,1,1,5,10,33.3
352,Zach Werenski\werenza01,22,CBJ,D,1,0,0,0,0,0,0,0,0,0,0,0,0,2,0.0,25,25:20,0,2,0,0,
353,Blake Wheeler\wheelbl01,33,WPG,RW,1,0,0,0,-2,5,0,0,0,0,0,0,0,0,,21,21:27,0,3,6,6,50.0
354,Justin Williams\williju01,38,CAR,RW,1,0,0,0,0,5,0,0,0,0,0,0,0,2,0.0,15,15:14,1,2,0,0,
355,Kailer Yamamoto\yamamka01,21,EDM,RW,1,0,0,0,1,2,0,0,0,0,0,0,0,0,,16,15:51,2,5,0,0,
356,Keith Yandle\yandlke01,33,FLA,D,1,0,0,0,0,0,0,0,0,0,0,0,0,1,0.0,17,17:20,1,0,0,0,
357,Nikita Zadorov\zadorni01,24,COL,D,1,0,0,0,0,2,0,0,0,0,0,0,0,0,,14,14:03,0,3,0,0,
358,Mika Zibanejad\zibanmi01,26,NYR,C,1,1,1,2,1,0,1,0,0,0,0,0,1,4,25.0,25,25:08,2,1,9,12,42.9
359,Mats Zuccarello\zuccama01,32,MIN,LW,1,0,0,0,0,0,0,0,0,0,0,0,0,0,,14,14:19,1,2,0,0,
360,Jason Zucker\zuckeja01,28,PIT,LW,1,0,0,0,0,0,0,0,0,0,0,0,0,4,0.0,20,20:26,0,2,0,0,